Classname,Cleaned_Classname,Classname_dpr_score,Methodname,Methodname_dpr_score,Cleaned_Methodname,Description,Personal Information
androidx.compose.foundation.text.ContentResolverForSecureTextField,ContentResolverForSecureTextField,NaN,getShowPassword,0.017,Show Password,Documentation not found.,
androidx.compose.foundation.text.ContentResolverForSecureTextField,ContentResolverForSecureTextField,NaN,registerContentObserver,0.062,register Content Observer,Documentation not found.,
androidx.compose.foundation.text.ContentResolverForSecureTextField,ContentResolverForSecureTextField,NaN,unregisterContentObserver,0.053,unregister Content Observer,Documentation not found.,
androidx.compose.foundation.text.BasicSecureTextField_androidKt$DefaultContentResolverForSecureTextField$1$1,BasicSecureTextField_androidKt$DefaultContentResolverForSecureTextField$1$1,NaN,getShowPassword,0.017,Show Password,Documentation not found.,
androidx.compose.foundation.text.BasicSecureTextField_androidKt$DefaultContentResolverForSecureTextField$1$1,BasicSecureTextField_androidKt$DefaultContentResolverForSecureTextField$1$1,NaN,registerContentObserver,0.062,register Content Observer,Documentation not found.,
androidx.compose.foundation.text.BasicSecureTextField_androidKt$DefaultContentResolverForSecureTextField$1$1,BasicSecureTextField_androidKt$DefaultContentResolverForSecureTextField$1$1,NaN,unregisterContentObserver,0.053,unregister Content Observer,Documentation not found.,
androidx.compose.foundation.text.BasicSecureTextField_androidKt,BasicSecureTextField_androidKt,NaN,DefaultContentResolverForSecureTextField$lambda$8,0.096,Default Content Resolver Secure Text Field lambda,Documentation not found.,
androidx.compose.foundation.text.BasicSecureTextField_androidKt,BasicSecureTextField_androidKt,NaN,getContentResolverForSecureTextField,0.113,Content Resolver Secure Text Field,Documentation not found.,
androidx.compose.foundation.text.BasicSecureTextField_androidKt,BasicSecureTextField_androidKt,NaN,getContentResolverForSecureTextField$annotations,0.111,Content Resolver Secure Text Field annotations,Documentation not found.,
androidx.compose.foundation.text.BasicSecureTextField_androidKt,BasicSecureTextField_androidKt,NaN,resetContentResolverForSecureTextField,0.113,Content Resolver Secure Text Field,Documentation not found.,
androidx.compose.foundation.text.BasicSecureTextField_androidKt,BasicSecureTextField_androidKt,NaN,setContentResolverForSecureTextField,0.113,Content Resolver Secure Text Field,Documentation not found.,
androidx.compose.ui.graphics.GraphicsLayerElement,GraphicsLayerElement,NaN,getCameraDistance,0.014,Camera Distance,Documentation not found.,
androidx.compose.ui.graphics.GraphicsLayerScope,GraphicsLayerScope,NaN,getCameraDistance,0.014,Camera Distance,Documentation not found.,
androidx.compose.ui.graphics.ReusableGraphicsLayerScope,ReusableGraphicsLayerScope,NaN,getCameraDistance,0.014,Camera Distance,Documentation not found.,
androidx.compose.ui.graphics.ReusableGraphicsLayerScope,ReusableGraphicsLayerScope,NaN,setCameraDistance,0.014,Camera Distance,Documentation not found.,
androidx.compose.ui.graphics.SimpleGraphicsLayerModifier,SimpleGraphicsLayerModifier,NaN,setCameraDistance,0.014,Camera Distance,Documentation not found.,
androidx.compose.ui.graphics.layer.GraphicsLayer,GraphicsLayer,NaN,getCameraDistance,0.014,Camera Distance,Documentation not found.,
androidx.compose.ui.graphics.layer.GraphicsLayer,GraphicsLayer,NaN,setCameraDistance,0.014,Camera Distance,Documentation not found.,
androidx.compose.ui.graphics.layer.GraphicsLayerImpl,GraphicsLayerImpl,NaN,getCameraDistance,0.014,Camera Distance,Documentation not found.,
androidx.compose.ui.graphics.layer.GraphicsLayerImpl,GraphicsLayerImpl,NaN,setCameraDistance,0.014,Camera Distance,Documentation not found.,
androidx.compose.ui.graphics.layer.GraphicsLayerV23,GraphicsLayerV23,NaN,getCameraDistance,0.014,Camera Distance,Documentation not found.,
androidx.compose.ui.graphics.layer.GraphicsLayerV23,GraphicsLayerV23,NaN,setCameraDistance,0.014,Camera Distance,Documentation not found.,
androidx.compose.ui.graphics.layer.GraphicsLayerV29,GraphicsLayerV29,NaN,getCameraDistance,0.014,Camera Distance,Documentation not found.,
androidx.compose.ui.graphics.layer.GraphicsLayerV29,GraphicsLayerV29,NaN,setCameraDistance,0.014,Camera Distance,Documentation not found.,
androidx.compose.ui.graphics.layer.GraphicsViewLayer,GraphicsViewLayer,NaN,getCameraDistance,0.014,Camera Distance,Documentation not found.,
androidx.compose.ui.graphics.layer.GraphicsViewLayer,GraphicsViewLayer,NaN,setCameraDistance,0.014,Camera Distance,Documentation not found.,
androidx.compose.ui.input.key.Key$Companion,Key$Companion,0.021,getCamera,0.015,Camera,Documentation not found.,
androidx.compose.ui.input.key.Key,Key,0.029,access$getCamera$cp,0.033,access get Camera cp,Documentation not found.,
com.example.app2_ar_game.PermissionsViewModel,PermissionsViewModel,NaN,getCameraGranted,0.022,Camera Granted,Documentation not found.,
com.google.ar.core.Camera,Camera,0.015,nativeAcquireCamera,0.025,native Acquire Camera,Documentation not found.,
com.google.ar.core.Camera,Camera,0.015,nativeCreateCameraIntrinsics,0.031,native Create Camera Intrinsics,Documentation not found.,
com.google.ar.core.Camera,Camera,0.015,nativeDisplayOrientedPose,0.035,native Display Oriented Pose,Documentation not found.,
com.google.ar.core.Camera,Camera,0.015,nativeGetImageIntrinsics,0.028,native Get Image Intrinsics,Documentation not found.,
com.google.ar.core.Camera,Camera,0.015,nativeGetPose,0.014,native Get Pose,Documentation not found.,
com.google.ar.core.Camera,Camera,0.015,nativeGetProjectionMatrix,0.024,native Get Projection Matrix,Documentation not found.,
com.google.ar.core.Camera,Camera,0.015,nativeGetTextureIntrinsics,0.018,native Get Texture Intrinsics,Documentation not found.,
com.google.ar.core.Camera,Camera,0.015,nativeGetTrackingFailureReason,0.025,native Get Tracking Failure Reason,Documentation not found.,
com.google.ar.core.Camera,Camera,0.015,nativeGetTrackingState,0.013,native Get Tracking State,Documentation not found.,
com.google.ar.core.Camera,Camera,0.015,nativeGetViewMatrix,0.018,native Get View Matrix,Documentation not found.,
com.google.ar.core.Camera,Camera,0.015,nativeReleaseCamera,0.021,native Release Camera,Documentation not found.,
com.google.ar.core.Camera,Camera,0.015,equals,0.02,equals,Documentation not found.,
com.google.ar.core.Camera,Camera,0.015,finalize,0.009,finalize,Documentation not found.,
com.google.ar.core.Camera,Camera,0.015,getDisplayOrientedPose,0.033,Display Oriented Pose,Documentation not found.,
com.google.ar.core.Camera,Camera,0.015,getImageIntrinsics,0.026,Image Intrinsics,Documentation not found.,
com.google.ar.core.Camera,Camera,0.015,getPose,0.009,Pose,Documentation not found.,
com.google.ar.core.Camera,Camera,0.015,getProjectionMatrix,0.021,Projection Matrix,Documentation not found.,
com.google.ar.core.Camera,Camera,0.015,getTextureIntrinsics,0.015,Texture Intrinsics,Documentation not found.,
com.google.ar.core.Camera,Camera,0.015,getTrackingFailureReason,0.022,Tracking Failure Reason,Documentation not found.,
com.google.ar.core.Camera,Camera,0.015,getTrackingState,0.009,Tracking State,Documentation not found.,
com.google.ar.core.Camera,Camera,0.015,getViewMatrix,0.015,View Matrix,Documentation not found.,
com.google.ar.core.Camera,Camera,0.015,hashCode,0.058,h Code,Documentation not found.,
com.google.ar.core.CameraConfig$DepthSensorUsage,CameraConfig$DepthSensorUsage,NaN,$values,0.013,values,Documentation not found.,
com.google.ar.core.CameraConfig$DepthSensorUsage,CameraConfig$DepthSensorUsage,NaN,forBitFlags,0.01,Bit Flags,Documentation not found.,
com.google.ar.core.CameraConfig$DepthSensorUsage,CameraConfig$DepthSensorUsage,NaN,forNumber,0.008,Number,Documentation not found.,
com.google.ar.core.CameraConfig$DepthSensorUsage,CameraConfig$DepthSensorUsage,NaN,valueOf,NaN,value,Documentation not found.,
com.google.ar.core.CameraConfig$DepthSensorUsage,CameraConfig$DepthSensorUsage,NaN,values,0.013,values,Documentation not found.,
com.google.ar.core.CameraConfig$FacingDirection,CameraConfig$FacingDirection,NaN,$values,0.013,values,Documentation not found.,
com.google.ar.core.CameraConfig$FacingDirection,CameraConfig$FacingDirection,NaN,forNumber,0.008,Number,Documentation not found.,
com.google.ar.core.CameraConfig$FacingDirection,CameraConfig$FacingDirection,NaN,valueOf,NaN,value,Documentation not found.,
com.google.ar.core.CameraConfig$FacingDirection,CameraConfig$FacingDirection,NaN,values,0.013,values,Documentation not found.,
com.google.ar.core.CameraConfig$StereoCameraUsage,CameraConfig$StereoCameraUsage,NaN,$values,0.013,values,Documentation not found.,
com.google.ar.core.CameraConfig$StereoCameraUsage,CameraConfig$StereoCameraUsage,NaN,forBitFlags,0.01,Bit Flags,Documentation not found.,
com.google.ar.core.CameraConfig$StereoCameraUsage,CameraConfig$StereoCameraUsage,NaN,forNumber,0.008,Number,Documentation not found.,
com.google.ar.core.CameraConfig$StereoCameraUsage,CameraConfig$StereoCameraUsage,NaN,valueOf,NaN,value,Documentation not found.,
com.google.ar.core.CameraConfig$StereoCameraUsage,CameraConfig$StereoCameraUsage,NaN,values,0.013,values,Documentation not found.,
com.google.ar.core.CameraConfig$TargetFps,CameraConfig$TargetFps,NaN,$values,0.013,values,Documentation not found.,
com.google.ar.core.CameraConfig$TargetFps,CameraConfig$TargetFps,NaN,forBitFlags,0.01,Bit Flags,Documentation not found.,
com.google.ar.core.CameraConfig$TargetFps,CameraConfig$TargetFps,NaN,valueOf,NaN,value,Documentation not found.,
com.google.ar.core.CameraConfig$TargetFps,CameraConfig$TargetFps,NaN,values,0.013,values,Documentation not found.,
com.google.ar.core.CameraConfig,CameraConfig,NaN,nativeDestroyCameraConfig,0.023,native Destroy Camera Config,Documentation not found.,
com.google.ar.core.CameraConfig,CameraConfig,NaN,nativeGetCameraId,0.031,native Get Camera Id,Documentation not found.,
com.google.ar.core.CameraConfig,CameraConfig,NaN,nativeGetDepthSensorUsage,0.019,native Get Depth Sensor Usage,Documentation not found.,
com.google.ar.core.CameraConfig,CameraConfig,NaN,nativeGetFacingDirection,0.017,native Get Facing Direction,Documentation not found.,
com.google.ar.core.CameraConfig,CameraConfig,NaN,nativeGetFpsRange,0.009,native Get Fps Range,Documentation not found.,
com.google.ar.core.CameraConfig,CameraConfig,NaN,nativeGetImageDimensions,0.018,native Get Image Dimensions,Documentation not found.,
com.google.ar.core.CameraConfig,CameraConfig,NaN,nativeGetStereoCameraUsage,0.022,native Get Stereo Camera Usage,Documentation not found.,
com.google.ar.core.CameraConfig,CameraConfig,NaN,nativeGetTextureDimensions,0.012,native Get Texture Dimensions,Documentation not found.,
com.google.ar.core.CameraConfig,CameraConfig,NaN,finalize,0.009,finalize,Documentation not found.,
com.google.ar.core.CameraConfig,CameraConfig,NaN,getCameraId,0.028,Camera Id,Documentation not found.,
com.google.ar.core.CameraConfig,CameraConfig,NaN,getDepthSensorUsage,0.016,Depth Sensor Usage,Documentation not found.,
com.google.ar.core.CameraConfig,CameraConfig,NaN,getFacingDirection,0.013,Facing Direction,Documentation not found.,
com.google.ar.core.CameraConfig,CameraConfig,NaN,getFpsRange,0.004,Fps Range,Documentation not found.,
com.google.ar.core.CameraConfig,CameraConfig,NaN,getImageSize,0.017,Image Size,Documentation not found.,
com.google.ar.core.CameraConfig,CameraConfig,NaN,getStereoCameraUsage,0.02,Stereo Camera Usage,Documentation not found.,
com.google.ar.core.CameraConfig,CameraConfig,NaN,getTextureSize,0.008,Texture Size,Documentation not found.,
com.google.ar.core.CameraConfigFilter,CameraConfigFilter,NaN,nativeCreateCameraConfigFilter,0.032,native Create Camera Config Filter,Documentation not found.,
com.google.ar.core.CameraConfigFilter,CameraConfigFilter,NaN,nativeDestroyCameraConfigFilter,0.028,native Destroy Camera Config Filter,Documentation not found.,
com.google.ar.core.CameraConfigFilter,CameraConfigFilter,NaN,nativeGetDepthSensorUsage,0.019,native Get Depth Sensor Usage,Documentation not found.,
com.google.ar.core.CameraConfigFilter,CameraConfigFilter,NaN,nativeGetFacingDirection,0.017,native Get Facing Direction,Documentation not found.,
com.google.ar.core.CameraConfigFilter,CameraConfigFilter,NaN,nativeGetStereoCameraUsage,0.022,native Get Stereo Camera Usage,Documentation not found.,
com.google.ar.core.CameraConfigFilter,CameraConfigFilter,NaN,nativeGetTargetFps,0.014,native Get Target Fps,Documentation not found.,
com.google.ar.core.CameraConfigFilter,CameraConfigFilter,NaN,nativeSetDepthSensorUsage,0.021,native Set Depth Sensor Usage,Documentation not found.,
com.google.ar.core.CameraConfigFilter,CameraConfigFilter,NaN,nativeSetFacingDirection,0.021,native Set Facing Direction,Documentation not found.,
com.google.ar.core.CameraConfigFilter,CameraConfigFilter,NaN,nativeSetStereoCameraUsage,0.024,native Set Stereo Camera Usage,Documentation not found.,
com.google.ar.core.CameraConfigFilter,CameraConfigFilter,NaN,nativeSetTargetFps,0.017,native Set Target Fps,Documentation not found.,
com.google.ar.core.CameraConfigFilter,CameraConfigFilter,NaN,finalize,0.009,finalize,Documentation not found.,
com.google.ar.core.CameraConfigFilter,CameraConfigFilter,NaN,getDepthSensorUsage,0.016,Depth Sensor Usage,Documentation not found.,
com.google.ar.core.CameraConfigFilter,CameraConfigFilter,NaN,getFacingDirection,0.013,Facing Direction,Documentation not found.,
com.google.ar.core.CameraConfigFilter,CameraConfigFilter,NaN,getStereoCameraUsage,0.02,Stereo Camera Usage,Documentation not found.,
com.google.ar.core.CameraConfigFilter,CameraConfigFilter,NaN,getTargetFps,0.01,Target Fps,Documentation not found.,
com.google.ar.core.CameraConfigFilter,CameraConfigFilter,NaN,setDepthSensorUsage,0.016,Depth Sensor Usage,Documentation not found.,
com.google.ar.core.CameraConfigFilter,CameraConfigFilter,NaN,setFacingDirection,0.013,Facing Direction,Documentation not found.,
com.google.ar.core.CameraConfigFilter,CameraConfigFilter,NaN,setStereoCameraUsage,0.02,Stereo Camera Usage,Documentation not found.,
com.google.ar.core.CameraConfigFilter,CameraConfigFilter,NaN,setTargetFps,0.01,Target Fps,Documentation not found.,
com.google.ar.core.CameraIntrinsics,CameraIntrinsics,NaN,nativeDestroyCameraIntrinsics,0.025,native Destroy Camera Intrinsics,Documentation not found.,
com.google.ar.core.CameraIntrinsics,CameraIntrinsics,NaN,finalize,0.009,finalize,Documentation not found.,
com.google.ar.core.Earth,Earth,0.004,nativeGetCameraGeospatialPose,0.02,native Get Camera Geospatial Pose,Documentation not found.,
com.google.ar.core.Earth,Earth,0.004,getCameraGeospatialPose,0.017,Camera Geospatial Pose,Documentation not found.,
com.google.ar.core.Frame,Frame,0.025,nativeAcquireCameraImage,0.029,native Acquire Camera Image,Documentation not found.,
com.google.ar.core.Frame,Frame,0.025,nativeGetAndroidCameraTimestamp,0.025,native Get Android Camera Timestamp,Documentation not found.,
com.google.ar.core.Frame,Frame,0.025,nativeGetCameraTextureName,0.018,native Get Camera Texture Name,Documentation not found.,
com.google.ar.core.Frame,Frame,0.025,acquireCameraImage,0.028,acquire Camera Image,Documentation not found.,
com.google.ar.core.Frame,Frame,0.025,getAndroidCameraTimestamp,0.023,Android Camera Timestamp,Documentation not found.,
com.google.ar.core.Frame,Frame,0.025,getCamera,0.015,Camera,Documentation not found.,
com.google.ar.core.Frame,Frame,0.025,getCameraTextureName,0.015,Camera Texture Name,Documentation not found.,
com.google.ar.core.RecordingConfig,RecordingConfig,NaN,nativeGetMp4DatasetUri,0.029,native Get Mp Dataset Uri,Documentation not found.,
com.google.ar.core.RecordingConfig,RecordingConfig,NaN,nativeSetMp4DatasetUri,0.031,native Set Mp Dataset Uri,Documentation not found.,
com.google.ar.core.RecordingConfig,RecordingConfig,NaN,getMp4DatasetUri,0.027,Mp Dataset Uri,Documentation not found.,
com.google.ar.core.RecordingConfig,RecordingConfig,NaN,setMp4DatasetUri,0.027,Mp Dataset Uri,Documentation not found.,
com.google.ar.core.Session,Session,0.014,createForSharedCamera,0.023,Shared Camera,Documentation not found.,
com.google.ar.core.Session,Session,0.014,nativeGetCameraConfig,0.023,native Get Camera Config,Documentation not found.,
com.google.ar.core.Session,Session,0.014,nativeGetSupportedCameraConfigs,0.03,native Get Supported Camera Configs,Documentation not found.,
com.google.ar.core.Session,Session,0.014,nativeGetSupportedCameraConfigsWithFilter,0.032,native Get Supported Camera Configs Filter,Documentation not found.,
com.google.ar.core.Session,Session,0.014,nativeSetCameraConfig,0.026,native Set Camera Config,Documentation not found.,
com.google.ar.core.Session,Session,0.014,nativeSetCameraTextureName,0.02,native Set Camera Texture Name,Documentation not found.,
com.google.ar.core.Session,Session,0.014,nativeSetCameraTextureNames,0.021,native Set Camera Texture Names,Documentation not found.,
com.google.ar.core.Session,Session,0.014,nativeSetPlaybackDatasetUri,0.034,native Set Playback Dataset Uri,Documentation not found.,
com.google.ar.core.Session,Session,0.014,pauseSharedCameraIfInUse,0.024,pause Shared Camera Use,Documentation not found.,
com.google.ar.core.Session,Session,0.014,convertNativeCameraConfigsToCollection,0.035,convert Native Camera Configs Collection,Documentation not found.,
com.google.ar.core.Session,Session,0.014,getCameraConfig,0.021,Camera Config,Documentation not found.,
com.google.ar.core.Session,Session,0.014,getSharedCamera,0.023,Shared Camera,Documentation not found.,
com.google.ar.core.Session,Session,0.014,getSupportedCameraConfigs,0.027,Supported Camera Configs,Documentation not found.,
com.google.ar.core.Session,Session,0.014,isSharedCameraUsed,0.023,Shared Camera Used,Documentation not found.,
com.google.ar.core.Session,Session,0.014,setCameraConfig,0.021,Camera Config,Documentation not found.,
com.google.ar.core.Session,Session,0.014,setCameraTextureName,0.015,Camera Texture Name,Documentation not found.,
com.google.ar.core.Session,Session,0.014,setCameraTextureNames,0.016,Camera Texture Names,Documentation not found.,
com.google.ar.core.Session,Session,0.014,setPlaybackDatasetUri,0.03,Playback Dataset Uri,Documentation not found.,
com.google.ar.core.SharedCamera,SharedCamera,NaN,a,NaN,,Documentation not found.,
com.google.ar.core.SharedCamera,SharedCamera,NaN,close,0.009,close,Documentation not found.,
com.google.ar.core.SharedCamera,SharedCamera,NaN,getCpuImageReader,0.026,Cpu Image Reader,Documentation not found.,
com.google.ar.core.SharedCamera,SharedCamera,NaN,getCpuImageReaderMotionTracking,0.028,Cpu Image Reader Motion Tracking,Documentation not found.,
com.google.ar.core.SharedCamera,SharedCamera,NaN,getGpuSurface,0.007,Gpu Surface,Documentation not found.,
com.google.ar.core.SharedCamera,SharedCamera,NaN,getGpuSurfaceTexture,0.009,Gpu Surface Texture,Documentation not found.,
com.google.ar.core.SharedCamera,SharedCamera,NaN,lambda$setDummyOnImageAvailableListener$0,0.012,lambda set Dummy Image Available Listener,Documentation not found.,
com.google.ar.core.SharedCamera,SharedCamera,NaN,nativeSharedCameraCaptureSessionActive,0.035,native Shared Camera Capture Session Active,Documentation not found.,
com.google.ar.core.SharedCamera,SharedCamera,NaN,nativeSharedCameraCaptureSessionClosed,0.033,native Shared Camera Capture Session Closed,Documentation not found.,
com.google.ar.core.SharedCamera,SharedCamera,NaN,nativeSharedCameraCaptureSessionConfigureFailed,0.044,native Shared Camera Capture Session Configure Failed,Documentation not found.,
com.google.ar.core.SharedCamera,SharedCamera,NaN,nativeSharedCameraCaptureSessionConfigured,0.042,native Shared Camera Capture Session Configured,Documentation not found.,
com.google.ar.core.SharedCamera,SharedCamera,NaN,nativeSharedCameraCaptureSessionReady,0.033,native Shared Camera Capture Session Ready,Documentation not found.,
com.google.ar.core.SharedCamera,SharedCamera,NaN,nativeSharedCameraGetImageReader,0.039,native Shared Camera Get Image Reader,Documentation not found.,
com.google.ar.core.SharedCamera,SharedCamera,NaN,nativeSharedCameraGetImageReaderMotionTracking,0.037,native Shared Camera Get Image Reader Motion Tracking,Documentation not found.,
com.google.ar.core.SharedCamera,SharedCamera,NaN,nativeSharedCameraGetSurface,0.025,native Shared Camera Get Surface,Documentation not found.,
com.google.ar.core.SharedCamera,SharedCamera,NaN,nativeSharedCameraGetSurfaceTexture,0.024,native Shared Camera Get Surface Texture,Documentation not found.,
com.google.ar.core.SharedCamera,SharedCamera,NaN,nativeSharedCameraOnClosed,0.026,native Shared Camera Closed,Documentation not found.,
com.google.ar.core.SharedCamera,SharedCamera,NaN,nativeSharedCameraOnDisconnected,0.024,native Shared Camera Disconnected,Documentation not found.,
com.google.ar.core.SharedCamera,SharedCamera,NaN,nativeSharedCameraOnOpened,0.032,native Shared Camera Opened,Documentation not found.,
com.google.ar.core.SharedCamera,SharedCamera,NaN,nativeSharedCameraSetAppSurfaces,0.031,native Shared Camera Set App Surfaces,Documentation not found.,
com.google.ar.core.SharedCamera,SharedCamera,NaN,nativeSharedCameraSetCaptureCallback,0.031,native Shared Camera Set Capture Callback,Documentation not found.,
com.google.ar.core.SharedCamera,SharedCamera,NaN,onCaptureSessionActive,0.025,Capture Session Active,Documentation not found.,
com.google.ar.core.SharedCamera,SharedCamera,NaN,onCaptureSessionClosed,0.021,Capture Session Closed,Documentation not found.,
com.google.ar.core.SharedCamera,SharedCamera,NaN,onCaptureSessionConfigureFailed,0.037,Capture Session Configure Failed,Documentation not found.,
com.google.ar.core.SharedCamera,SharedCamera,NaN,onCaptureSessionConfigured,0.035,Capture Session Configured,Documentation not found.,
com.google.ar.core.SharedCamera,SharedCamera,NaN,onCaptureSessionReady,0.022,Capture Session Ready,Documentation not found.,
com.google.ar.core.SharedCamera,SharedCamera,NaN,onDeviceClosed,0.018,Device Closed,Documentation not found.,
com.google.ar.core.SharedCamera,SharedCamera,NaN,onDeviceDisconnected,0.016,Device Disconnected,Documentation not found.,
com.google.ar.core.SharedCamera,SharedCamera,NaN,onDeviceOpened,0.026,Device Opened,Documentation not found.,
com.google.ar.core.SharedCamera,SharedCamera,NaN,setDummyListenerToAvoidImageBufferStarvation,0.02,Dummy Listener Avoid Image Buffer Starvation,Documentation not found.,
com.google.ar.core.SharedCamera,SharedCamera,NaN,setDummyOnImageAvailableListener,0.013,Dummy Image Available Listener,Documentation not found.,
com.google.ar.core.SharedCamera,SharedCamera,NaN,b,NaN,b,Documentation not found.,
com.google.ar.core.SharedCamera,SharedCamera,NaN,c,NaN,c,Documentation not found.,
com.google.ar.core.SharedCamera,SharedCamera,NaN,createARDeviceStateCallback,0.02,AR Device State Callback,Documentation not found.,
com.google.ar.core.SharedCamera,SharedCamera,NaN,createARSessionStateCallback,0.019,AR Session State Callback,Documentation not found.,
com.google.ar.core.SharedCamera,SharedCamera,NaN,d,NaN,,Documentation not found.,
com.google.ar.core.SharedCamera,SharedCamera,NaN,e,NaN,e,Documentation not found.,
com.google.ar.core.SharedCamera,SharedCamera,NaN,f,NaN,f,Documentation not found.,
com.google.ar.core.SharedCamera,SharedCamera,NaN,g,NaN,g,Documentation not found.,
com.google.ar.core.SharedCamera,SharedCamera,NaN,getArCoreSurfaces,0.02,Ar Core Surfaces,Documentation not found.,
com.google.ar.core.SharedCamera,SharedCamera,NaN,getSurfaceTexture,0.009,Surface Texture,Documentation not found.,
com.google.ar.core.SharedCamera,SharedCamera,NaN,h,NaN,h,Documentation not found.,
com.google.ar.core.SharedCamera,SharedCamera,NaN,i,NaN,,Documentation not found.,
com.google.ar.core.SharedCamera,SharedCamera,NaN,j,NaN,j,Documentation not found.,
com.google.ar.core.SharedCamera,SharedCamera,NaN,k,NaN,k,Documentation not found.,
com.google.ar.core.SharedCamera,SharedCamera,NaN,l,NaN,l,Documentation not found.,
com.google.ar.core.SharedCamera,SharedCamera,NaN,m,NaN,,Documentation not found.,
com.google.ar.core.SharedCamera,SharedCamera,NaN,n,NaN,n,Documentation not found.,
com.google.ar.core.SharedCamera,SharedCamera,NaN,pause,0.009,pause,Documentation not found.,
com.google.ar.core.SharedCamera,SharedCamera,NaN,setAppSurfaces,0.017,App Surfaces,Documentation not found.,
com.google.ar.core.SharedCamera,SharedCamera,NaN,setCaptureCallback,0.015,Capture Callback,Documentation not found.,
androidx.compose.ui.platform.UriHandler,UriHandler,NaN,openUri,0.044,open Uri,Documentation not found.,
androidx.compose.ui.platform.AndroidUriHandler,AndroidUriHandler,NaN,openUri,0.044,open Uri,Documentation not found.,
androidx.compose.ui.platform.ClipboardExtensions_androidKt,ClipboardExtensions_androidKt,NaN,firstUriOrNull,0.029,first Uri Null,Documentation not found.,
androidx.compose.ui.platform.CompositionLocalsKt,CompositionLocalsKt,NaN,getLocalUriHandler,0.037,Local Uri Handler,Documentation not found.,
androidx.compose.ui.platform.DeviceRenderNode,DeviceRenderNode,NaN,getCameraDistance,0.014,Camera Distance,Documentation not found.,
androidx.compose.ui.platform.DeviceRenderNode,DeviceRenderNode,NaN,setCameraDistance,0.014,Camera Distance,Documentation not found.,
androidx.compose.ui.platform.DeviceRenderNodeData,DeviceRenderNodeData,NaN,getCameraDistance,0.014,Camera Distance,Documentation not found.,
androidx.compose.ui.platform.DeviceRenderNodeData,DeviceRenderNodeData,NaN,setCameraDistance,0.014,Camera Distance,Documentation not found.,
androidx.compose.ui.platform.RenderNodeApi23,RenderNodeApi23,NaN,getCameraDistance,0.014,Camera Distance,Documentation not found.,
androidx.compose.ui.platform.RenderNodeApi23,RenderNodeApi23,NaN,setCameraDistance,0.014,Camera Distance,Documentation not found.,
androidx.compose.ui.platform.RenderNodeApi29,RenderNodeApi29,NaN,getCameraDistance,0.014,Camera Distance,Documentation not found.,
androidx.compose.ui.platform.RenderNodeApi29,RenderNodeApi29,NaN,setCameraDistance,0.014,Camera Distance,Documentation not found.,
androidx.compose.ui.platform.ViewLayer,ViewLayer,NaN,getCameraDistancePx,0.014,Camera Distance Px,Documentation not found.,
androidx.compose.ui.platform.ViewLayer,ViewLayer,NaN,setCameraDistancePx,0.014,Camera Distance Px,Documentation not found.,
androidx.compose.ui.text.input.KeyboardType$Companion,KeyboardType$Companion,0.003,getUri,0.035,Uri,Documentation not found.,
androidx.compose.ui.text.input.KeyboardType,KeyboardType,NaN,access$getUri$cp,0.048,access get Uri cp,Documentation not found.,
androidx.core.app.NotificationCompat$MessagingStyle$Message,NotificationCompat$MessagingStyle$Message,0.04,getDataUri,0.079,Data Uri,Method description not found.,
androidx.core.app.Person$Builder,Person$Builder,0.024,setUri,0.01,Uri,Method description not found.,
androidx.core.app.Person,Person,0.005,getUri,0.938,Uri,Returns the raw URI for thisPersonornullif no URI was provided.,URI
androidx.core.app.Person,Person,0.039,resolveToLegacyUri,0.029,resolve Legacy Uri,Method description not found.,
androidx.core.content.ContentResolverCompat,ContentResolverCompat,NaN,query,0.582,query,"Query the given URI, returning aCursorover the result set with optional support for cancellation.",given URI
androidx.core.content.FileProvider$PathStrategy,FileProvider$PathStrategy,NaN,getFileForUri,0.039,File Uri,Method description not found.,
androidx.core.content.FileProvider$SimplePathStrategy,FileProvider$SimplePathStrategy,NaN,getFileForUri,0.039,File Uri,Method description not found.,
androidx.core.content.FileProvider$SimplePathStrategy,FileProvider$SimplePathStrategy,NaN,getUriForFile,0.558,Uri File,Return a content URI for a givenFile.,URI
androidx.core.content.IntentSanitizer$Builder,IntentSanitizer$Builder,0.013,lambda$allowClipDataUriWithAuthority$11,0.07,lambda allow Clip Data Uri Authority,Method description not found.,
androidx.core.content.IntentSanitizer$Builder,IntentSanitizer$Builder,0.013,lambda$allowExtraStreamUriWithAuthority$15,0.037,lambda allow Extra Stream Uri Authority,Method description not found.,
androidx.core.content.IntentSanitizer$Builder,IntentSanitizer$Builder,0.013,allowClipDataUri,0.071,allow Clip Data Uri,Method description not found.,
androidx.core.content.IntentSanitizer$Builder,IntentSanitizer$Builder,0.013,allowClipDataUriWithAuthority,0.074,allow Clip Data Uri Authority,Method description not found.,
androidx.core.content.IntentSanitizer$Builder,IntentSanitizer$Builder,0.013,allowExtraStreamUriWithAuthority,0.03,allow Extra Stream Uri Authority,Method description not found.,
androidx.core.content.UriMatcherCompat$$ExternalSyntheticLambda0,UriMatcherCompat$$ExternalSyntheticLambda0,NaN,test,0.036,test,Method description not found.,
androidx.core.content.UriMatcherCompat,UriMatcherCompat,NaN,asPredicate,0.734,Predicate,Creates a Uri predicate from aUriMatcher.,predicate
androidx.core.content.UriMatcherCompat,UriMatcherCompat,NaN,lambda$asPredicate$0,0.026,lambda Predicate,Method description not found.,
androidx.core.content.pm.ShortcutInfoCompat$Builder,ShortcutInfoCompat$Builder,0.013,setSliceUri,0.015,Slice Uri,Method description not found.,
androidx.core.content.pm.ShortcutManagerCompat,ShortcutManagerCompat,NaN,convertUriIconToBitmapIcon,0.017,convert Uri Icon Bitmap Icon,Method description not found.,
androidx.core.content.pm.ShortcutManagerCompat,ShortcutManagerCompat,NaN,convertUriIconsToBitmapIcons,0.017,convert Uri Icons Bitmap Icons,Method description not found.,
androidx.core.graphics.drawable.IconCompat$Api23Impl,IconCompat$Api23Impl,NaN,getUri,0.68,Uri,Gets the uri used to create this icon.,uri
androidx.core.graphics.drawable.IconCompat$Api28Impl,IconCompat$Api28Impl,NaN,getUri,0.68,Uri,Gets the uri used to create this icon.,uri
androidx.core.graphics.drawable.IconCompat$Api30Impl,IconCompat$Api30Impl,NaN,createWithAdaptiveBitmapContentUri,0.347,Adaptive Bitmap Content Uri,Create an Icon pointing to an image file specified by URI.,Icon
androidx.core.graphics.drawable.IconCompat,IconCompat,NaN,createWithAdaptiveBitmapContentUri,0.347,Adaptive Bitmap Content Uri,Create an Icon pointing to an image file specified by URI.,Icon
androidx.core.graphics.drawable.IconCompat,IconCompat,NaN,createWithContentUri,0.435,Content Uri,Create an Icon pointing to an image file specified by URI.,Icon
androidx.core.graphics.drawable.IconCompat,IconCompat,NaN,getUri,0.68,Uri,Gets the uri used to create this icon.,uri
androidx.core.graphics.drawable.IconCompat,IconCompat,NaN,getUriInputStream,0.059,Uri Input Stream,Method description not found.,
androidx.core.location.LocationManagerCompat$$ExternalSyntheticLambda0,LocationManagerCompat$$ExternalSyntheticLambda0,NaN,run,0.011,run,Method description not found.,
androidx.core.location.LocationManagerCompat$$ExternalSyntheticLambda1,LocationManagerCompat$$ExternalSyntheticLambda1,NaN,onCancel,0.012,Cancel,Method description not found.,
androidx.core.location.LocationManagerCompat$$ExternalSyntheticLambda2,LocationManagerCompat$$ExternalSyntheticLambda2,NaN,call,0.048,call,Registers a GNSS measurement callback.,GNSS measurement callback
androidx.core.location.LocationManagerCompat$Api19Impl,LocationManagerCompat$Api19Impl,NaN,tryRequestLocationUpdates,0.033,try Request Location Updates,Method description not found.,
androidx.core.location.LocationManagerCompat$Api24Impl,LocationManagerCompat$Api24Impl,NaN,registerGnssMeasurementsCallback,1.0,register Gnss Measurements Callback,Registers a GNSS measurement callback.,GNSS measurement callback
androidx.core.location.LocationManagerCompat$Api24Impl,LocationManagerCompat$Api24Impl,NaN,unregisterGnssMeasurementsCallback,1.0,unregister Gnss Measurements Callback,Unregisters a GNSS measurement callback.,callback
androidx.core.location.LocationManagerCompat$Api24Impl,LocationManagerCompat$Api24Impl,NaN,unregisterGnssStatusCallback,0.279,unregister Gnss Status Callback,Unregisters a platform agnosticGnssStatusCompat.,
androidx.core.location.LocationManagerCompat$Api28Impl,LocationManagerCompat$Api28Impl,NaN,getGnssHardwareModelName,0.833,Gnss Hardware Model Name,"Returns the model name (including vendor and hardware/software version) of the GNSS hardware driver, or null if this information is not available.",model name including vendor version of GNSS hardware driver
androidx.core.location.LocationManagerCompat$Api28Impl,LocationManagerCompat$Api28Impl,NaN,getGnssYearOfHardware,0.497,Gnss Year Hardware,"Returns the model year of the GNSS hardware and software build, or 0 if the model year is before 2016.",model year of GNSS hardware build
androidx.core.location.LocationManagerCompat$Api28Impl,LocationManagerCompat$Api28Impl,NaN,isLocationEnabled,0.528,Location Enabled,Returns the current enabled/disabled state of location.,current enabled state of location
androidx.core.location.LocationManagerCompat$Api30Impl$$ExternalSyntheticLambda0,LocationManagerCompat$Api30Impl$$ExternalSyntheticLambda0,NaN,accept,0.039,accept,Method description not found.,
androidx.core.location.LocationManagerCompat$Api30Impl,LocationManagerCompat$Api30Impl,NaN,tryRequestLocationUpdates,0.033,try Request Location Updates,Method description not found.,
androidx.core.location.LocationManagerCompat$Api31Impl,LocationManagerCompat$Api31Impl,NaN,hasProvider,0.241,Provider,"Returns true if the given location provider exists on this device, irrespective of whether it is currently enabled or not.",
androidx.core.location.LocationManagerCompat$Api31Impl,LocationManagerCompat$Api31Impl,NaN,registerGnssMeasurementsCallback,1.0,register Gnss Measurements Callback,Registers a GNSS measurement callback.,GNSS measurement callback
androidx.core.location.LocationManagerCompat$Api31Impl,LocationManagerCompat$Api31Impl,NaN,requestLocationUpdates,0.534,request Location Updates,"Register for location updates from the specified provider, using aLocationRequestCompat, and a callback on the specifiedExecutor.",aLocation RequestCompat
androidx.core.location.LocationManagerCompat$CancellableLocationListener$$ExternalSyntheticLambda0,LocationManagerCompat$CancellableLocationListener$$ExternalSyntheticLambda0,NaN,run,0.011,run,Method description not found.,
androidx.core.location.LocationManagerCompat$CancellableLocationListener$$ExternalSyntheticLambda1,LocationManagerCompat$CancellableLocationListener$$ExternalSyntheticLambda1,NaN,run,0.011,run,Method description not found.,
androidx.core.location.LocationManagerCompat$CancellableLocationListener,LocationManagerCompat$CancellableLocationListener,NaN,cleanup,0.002,cleanup,Method description not found.,
androidx.core.location.LocationManagerCompat$CancellableLocationListener,LocationManagerCompat$CancellableLocationListener,NaN,lambda$onLocationChanged$1,0.028,lambda Location Changed,Method description not found.,
androidx.core.location.LocationManagerCompat$CancellableLocationListener,LocationManagerCompat$CancellableLocationListener,NaN,cancel,0.012,cancel,Method description not found.,
androidx.core.location.LocationManagerCompat$CancellableLocationListener,LocationManagerCompat$CancellableLocationListener,NaN,lambda$startTimeout$0$androidx,0.022,lambda start Timeout androidx,Method description not found.,
androidx.core.location.LocationManagerCompat$CancellableLocationListener,LocationManagerCompat$CancellableLocationListener,NaN,onLocationChanged,0.025,Location Changed,Method description not found.,
androidx.core.location.LocationManagerCompat$CancellableLocationListener,LocationManagerCompat$CancellableLocationListener,NaN,onProviderDisabled,0.023,Provider Disabled,Method description not found.,
androidx.core.location.LocationManagerCompat$CancellableLocationListener,LocationManagerCompat$CancellableLocationListener,NaN,onProviderEnabled,0.032,Provider Enabled,Method description not found.,
androidx.core.location.LocationManagerCompat$CancellableLocationListener,LocationManagerCompat$CancellableLocationListener,NaN,onStatusChanged,0.025,Status Changed,Method description not found.,
androidx.core.location.LocationManagerCompat$GnssMeasurementsTransport$$ExternalSyntheticLambda0,LocationManagerCompat$GnssMeasurementsTransport$$ExternalSyntheticLambda0,NaN,run,0.011,run,Method description not found.,
androidx.core.location.LocationManagerCompat$GnssMeasurementsTransport$$ExternalSyntheticLambda1,LocationManagerCompat$GnssMeasurementsTransport$$ExternalSyntheticLambda1,NaN,run,0.011,run,Method description not found.,
androidx.core.location.LocationManagerCompat$GnssMeasurementsTransport,LocationManagerCompat$GnssMeasurementsTransport,NaN,lambda$onGnssMeasurementsReceived$0$androidx,0.062,lambda Gnss Measurements Received androidx,Method description not found.,
androidx.core.location.LocationManagerCompat$GnssMeasurementsTransport,LocationManagerCompat$GnssMeasurementsTransport,NaN,lambda$onStatusChanged$1$androidx,0.029,lambda Status Changed androidx,Method description not found.,
androidx.core.location.LocationManagerCompat$GnssMeasurementsTransport,LocationManagerCompat$GnssMeasurementsTransport,NaN,onGnssMeasurementsReceived,0.087,Gnss Measurements Received,Method description not found.,
androidx.core.location.LocationManagerCompat$GnssMeasurementsTransport,LocationManagerCompat$GnssMeasurementsTransport,NaN,onStatusChanged,0.025,Status Changed,Method description not found.,
androidx.core.location.LocationManagerCompat$GnssMeasurementsTransport,LocationManagerCompat$GnssMeasurementsTransport,NaN,unregister,0.501,unregister,Unregisters a GNSS measurement callback.,GNSS measurement callback
androidx.core.location.LocationManagerCompat$GnssStatusTransport,LocationManagerCompat$GnssStatusTransport,NaN,onFirstFix,0.036,First Fix,Method description not found.,
androidx.core.location.LocationManagerCompat$GnssStatusTransport,LocationManagerCompat$GnssStatusTransport,NaN,onSatelliteStatusChanged,0.023,Satellite Status Changed,Method description not found.,
androidx.core.location.LocationManagerCompat$GnssStatusTransport,LocationManagerCompat$GnssStatusTransport,NaN,onStarted,0.011,Started,Method description not found.,
androidx.core.location.LocationManagerCompat$GnssStatusTransport,LocationManagerCompat$GnssStatusTransport,NaN,onStopped,0.008,Stopped,Method description not found.,
androidx.core.location.LocationManagerCompat$GpsStatusTransport$$ExternalSyntheticLambda0,LocationManagerCompat$GpsStatusTransport$$ExternalSyntheticLambda0,NaN,run,0.011,run,Method description not found.,
androidx.core.location.LocationManagerCompat$GpsStatusTransport$$ExternalSyntheticLambda1,LocationManagerCompat$GpsStatusTransport$$ExternalSyntheticLambda1,NaN,run,0.011,run,Method description not found.,
androidx.core.location.LocationManagerCompat$GpsStatusTransport$$ExternalSyntheticLambda2,LocationManagerCompat$GpsStatusTransport$$ExternalSyntheticLambda2,NaN,run,0.011,run,Method description not found.,
androidx.core.location.LocationManagerCompat$GpsStatusTransport$$ExternalSyntheticLambda3,LocationManagerCompat$GpsStatusTransport$$ExternalSyntheticLambda3,NaN,run,0.011,run,Method description not found.,
androidx.core.location.LocationManagerCompat$GpsStatusTransport,LocationManagerCompat$GpsStatusTransport,NaN,lambda$onGpsStatusChanged$0$androidx,0.028,lambda Gps Status Changed androidx,Method description not found.,
androidx.core.location.LocationManagerCompat$GpsStatusTransport,LocationManagerCompat$GpsStatusTransport,NaN,lambda$onGpsStatusChanged$1$androidx,0.028,lambda Gps Status Changed androidx,Method description not found.,
androidx.core.location.LocationManagerCompat$GpsStatusTransport,LocationManagerCompat$GpsStatusTransport,NaN,lambda$onGpsStatusChanged$2$androidx,0.028,lambda Gps Status Changed androidx,Method description not found.,
androidx.core.location.LocationManagerCompat$GpsStatusTransport,LocationManagerCompat$GpsStatusTransport,NaN,lambda$onGpsStatusChanged$3$androidx,0.028,lambda Gps Status Changed androidx,Method description not found.,
androidx.core.location.LocationManagerCompat$GpsStatusTransport,LocationManagerCompat$GpsStatusTransport,NaN,onGpsStatusChanged,0.019,Gps Status Changed,Method description not found.,
androidx.core.location.LocationManagerCompat$GpsStatusTransport,LocationManagerCompat$GpsStatusTransport,NaN,register,0.661,register,Registers a GNSS measurement callback.,GNSS measurement callback
androidx.core.location.LocationManagerCompat$GpsStatusTransport,LocationManagerCompat$GpsStatusTransport,NaN,unregister,0.501,unregister,Unregisters a GNSS measurement callback.,GNSS measurement callback
androidx.core.location.LocationManagerCompat$InlineHandlerExecutor,LocationManagerCompat$InlineHandlerExecutor,NaN,execute,0.029,execute,Method description not found.,
androidx.core.location.LocationManagerCompat$LocationListenerKey,LocationManagerCompat$LocationListenerKey,NaN,equals,0.038,equals,Method description not found.,
androidx.core.location.LocationManagerCompat$LocationListenerKey,LocationManagerCompat$LocationListenerKey,NaN,hashCode,0.062,h Code,Method description not found.,
androidx.core.location.LocationManagerCompat$LocationListenerTransport$$ExternalSyntheticLambda0,LocationManagerCompat$LocationListenerTransport$$ExternalSyntheticLambda0,NaN,run,0.011,run,Method description not found.,
androidx.core.location.LocationManagerCompat$LocationListenerTransport$$ExternalSyntheticLambda1,LocationManagerCompat$LocationListenerTransport$$ExternalSyntheticLambda1,NaN,run,0.011,run,Method description not found.,
androidx.core.location.LocationManagerCompat$LocationListenerTransport$$ExternalSyntheticLambda2,LocationManagerCompat$LocationListenerTransport$$ExternalSyntheticLambda2,NaN,run,0.011,run,Method description not found.,
androidx.core.location.LocationManagerCompat$LocationListenerTransport$$ExternalSyntheticLambda3,LocationManagerCompat$LocationListenerTransport$$ExternalSyntheticLambda3,NaN,run,0.011,run,Method description not found.,
androidx.core.location.LocationManagerCompat$LocationListenerTransport$$ExternalSyntheticLambda4,LocationManagerCompat$LocationListenerTransport$$ExternalSyntheticLambda4,NaN,run,0.011,run,Method description not found.,
androidx.core.location.LocationManagerCompat$LocationListenerTransport$$ExternalSyntheticLambda5,LocationManagerCompat$LocationListenerTransport$$ExternalSyntheticLambda5,NaN,run,0.011,run,Method description not found.,
androidx.core.location.LocationManagerCompat$LocationListenerTransport,LocationManagerCompat$LocationListenerTransport,NaN,getKey,0.04,Key,Method description not found.,
androidx.core.location.LocationManagerCompat$LocationListenerTransport,LocationManagerCompat$LocationListenerTransport,NaN,lambda$onFlushComplete$2$androidx,0.025,lambda Flush Complete androidx,Method description not found.,
androidx.core.location.LocationManagerCompat$LocationListenerTransport,LocationManagerCompat$LocationListenerTransport,NaN,lambda$onLocationChanged$0$androidx,0.028,lambda Location Changed androidx,Method description not found.,
androidx.core.location.LocationManagerCompat$LocationListenerTransport,LocationManagerCompat$LocationListenerTransport,NaN,lambda$onLocationChanged$1$androidx,0.028,lambda Location Changed androidx,Method description not found.,
androidx.core.location.LocationManagerCompat$LocationListenerTransport,LocationManagerCompat$LocationListenerTransport,NaN,lambda$onProviderDisabled$5$androidx,0.031,lambda Provider Disabled androidx,Method description not found.,
androidx.core.location.LocationManagerCompat$LocationListenerTransport,LocationManagerCompat$LocationListenerTransport,NaN,lambda$onProviderEnabled$4$androidx,0.032,lambda Provider Enabled androidx,Method description not found.,
androidx.core.location.LocationManagerCompat$LocationListenerTransport,LocationManagerCompat$LocationListenerTransport,NaN,lambda$onStatusChanged$3$androidx,0.029,lambda Status Changed androidx,Method description not found.,
androidx.core.location.LocationManagerCompat$LocationListenerTransport,LocationManagerCompat$LocationListenerTransport,NaN,onFlushComplete,0.013,Flush Complete,Method description not found.,
androidx.core.location.LocationManagerCompat$LocationListenerTransport,LocationManagerCompat$LocationListenerTransport,NaN,onLocationChanged,0.025,Location Changed,Method description not found.,
androidx.core.location.LocationManagerCompat$LocationListenerTransport,LocationManagerCompat$LocationListenerTransport,NaN,onProviderDisabled,0.023,Provider Disabled,Method description not found.,
androidx.core.location.LocationManagerCompat$LocationListenerTransport,LocationManagerCompat$LocationListenerTransport,NaN,onProviderEnabled,0.032,Provider Enabled,Method description not found.,
androidx.core.location.LocationManagerCompat$LocationListenerTransport,LocationManagerCompat$LocationListenerTransport,NaN,onStatusChanged,0.025,Status Changed,Method description not found.,
androidx.core.location.LocationManagerCompat$LocationListenerTransport,LocationManagerCompat$LocationListenerTransport,NaN,unregister,0.501,unregister,Unregisters a GNSS measurement callback.,GNSS measurement callback
androidx.core.location.LocationManagerCompat$PreRGnssStatusTransport$$ExternalSyntheticLambda0,LocationManagerCompat$PreRGnssStatusTransport$$ExternalSyntheticLambda0,NaN,run,0.011,run,Method description not found.,
androidx.core.location.LocationManagerCompat$PreRGnssStatusTransport$$ExternalSyntheticLambda1,LocationManagerCompat$PreRGnssStatusTransport$$ExternalSyntheticLambda1,NaN,run,0.011,run,Method description not found.,
androidx.core.location.LocationManagerCompat$PreRGnssStatusTransport$$ExternalSyntheticLambda2,LocationManagerCompat$PreRGnssStatusTransport$$ExternalSyntheticLambda2,NaN,run,0.011,run,Method description not found.,
androidx.core.location.LocationManagerCompat$PreRGnssStatusTransport$$ExternalSyntheticLambda3,LocationManagerCompat$PreRGnssStatusTransport$$ExternalSyntheticLambda3,NaN,run,0.011,run,Method description not found.,
androidx.core.location.LocationManagerCompat$PreRGnssStatusTransport,LocationManagerCompat$PreRGnssStatusTransport,NaN,lambda$onFirstFix$2$androidx,0.035,lambda First Fix androidx,Method description not found.,
androidx.core.location.LocationManagerCompat$PreRGnssStatusTransport,LocationManagerCompat$PreRGnssStatusTransport,NaN,lambda$onSatelliteStatusChanged$3$androidx,0.03,lambda Satellite Status Changed androidx,Method description not found.,
androidx.core.location.LocationManagerCompat$PreRGnssStatusTransport,LocationManagerCompat$PreRGnssStatusTransport,NaN,lambda$onStarted$0$androidx,0.022,lambda Started androidx,Method description not found.,
androidx.core.location.LocationManagerCompat$PreRGnssStatusTransport,LocationManagerCompat$PreRGnssStatusTransport,NaN,lambda$onStopped$1$androidx,0.022,lambda Stopped androidx,Method description not found.,
androidx.core.location.LocationManagerCompat$PreRGnssStatusTransport,LocationManagerCompat$PreRGnssStatusTransport,NaN,onFirstFix,0.036,First Fix,Method description not found.,
androidx.core.location.LocationManagerCompat$PreRGnssStatusTransport,LocationManagerCompat$PreRGnssStatusTransport,NaN,onSatelliteStatusChanged,0.023,Satellite Status Changed,Method description not found.,
androidx.core.location.LocationManagerCompat$PreRGnssStatusTransport,LocationManagerCompat$PreRGnssStatusTransport,NaN,onStarted,0.011,Started,Method description not found.,
androidx.core.location.LocationManagerCompat$PreRGnssStatusTransport,LocationManagerCompat$PreRGnssStatusTransport,NaN,onStopped,0.008,Stopped,Method description not found.,
androidx.core.location.LocationManagerCompat$PreRGnssStatusTransport,LocationManagerCompat$PreRGnssStatusTransport,NaN,unregister,0.501,unregister,Unregisters a GNSS measurement callback.,GNSS measurement callback
androidx.core.location.LocationManagerCompat,LocationManagerCompat,NaN,getGnssHardwareModelName,0.833,Gnss Hardware Model Name,"Returns the model name (including vendor and hardware/software version) of the GNSS hardware driver, or null if this information is not available.",model name including vendor version of GNSS hardware driver
androidx.core.location.LocationManagerCompat,LocationManagerCompat,NaN,getGnssYearOfHardware,0.497,Gnss Year Hardware,"Returns the model year of the GNSS hardware and software build, or 0 if the model year is before 2016.",model year of GNSS hardware build
androidx.core.location.LocationManagerCompat,LocationManagerCompat,NaN,hasProvider,0.241,Provider,"Returns true if the given location provider exists on this device, irrespective of whether it is currently enabled or not.",
androidx.core.location.LocationManagerCompat,LocationManagerCompat,NaN,isLocationEnabled,0.528,Location Enabled,Returns the current enabled/disabled state of location.,current enabled state of location
androidx.core.location.LocationManagerCompat,LocationManagerCompat,NaN,lambda$getCurrentLocation$0,0.027,lambda get Current Location,Method description not found.,
androidx.core.location.LocationManagerCompat,LocationManagerCompat,NaN,lambda$registerGnssStatusCallback$1,0.034,lambda register Gnss Status Callback,Method description not found.,
androidx.core.location.LocationManagerCompat,LocationManagerCompat,NaN,registerGnssMeasurementsCallback,1.0,register Gnss Measurements Callback,Registers a GNSS measurement callback.,GNSS measurement callback
androidx.core.location.LocationManagerCompat,LocationManagerCompat,NaN,registerGnssMeasurementsCallbackOnR,0.07,register Gnss Measurements Callback R,Method description not found.,
androidx.core.location.LocationManagerCompat,LocationManagerCompat,NaN,registerLocationListenerTransport,0.029,register Location Listener Transport,Method description not found.,
androidx.core.location.LocationManagerCompat,LocationManagerCompat,NaN,removeUpdates,0.805,Updates,Removes all location updates for the specifiedLocationListener.,updates
androidx.core.location.LocationManagerCompat,LocationManagerCompat,NaN,requestLocationUpdates,0.534,request Location Updates,"Register for location updates from the specified provider, using aLocationRequestCompat, and a callback on the specifiedExecutor.",aLocation RequestCompat
androidx.core.location.LocationManagerCompat,LocationManagerCompat,NaN,unregisterGnssMeasurementsCallback,1.0,unregister Gnss Measurements Callback,Unregisters a GNSS measurement callback.,callback
androidx.core.location.LocationManagerCompat,LocationManagerCompat,NaN,unregisterGnssStatusCallback,0.279,unregister Gnss Status Callback,Unregisters a platform agnosticGnssStatusCompat.,
androidx.core.net.UriCompat,UriCompat,NaN,toSafeString,0.427,Safe String,"Return a string representation of this URI that has common forms of PII redacted, making it safer to use for logging purposes.",string representation of URI
androidx.core.net.UriKt,UriKt,NaN,toFile,0.045,File,Creates aFilefrom the givenUri.,Filefrom
androidx.core.net.UriKt,UriKt,NaN,toUri,0.643,Uri,Creates a Uri from the given file.,Uri
androidx.core.provider.DocumentsContractCompat$DocumentsContractApi21Impl,DocumentsContractCompat$DocumentsContractApi21Impl,NaN,buildChildDocumentsUri,0.588,build Child Documents Uri,Build URI representing the children of the target directory in a document provider.,URI
androidx.core.provider.DocumentsContractCompat$DocumentsContractApi21Impl,DocumentsContractCompat$DocumentsContractApi21Impl,NaN,buildChildDocumentsUriUsingTree,0.497,build Child Documents Uri Using Tree,Build URI representing the children of the target directory in a document provider.,URI
androidx.core.provider.DocumentsContractCompat$DocumentsContractApi21Impl,DocumentsContractCompat$DocumentsContractApi21Impl,NaN,buildDocumentUriUsingTree,0.667,build Document Uri Using Tree,Build URI representing the targetCOLUMN_DOCUMENT_IDin a document provider.,URI
androidx.core.provider.DocumentsContractCompat$DocumentsContractApi21Impl,DocumentsContractCompat$DocumentsContractApi21Impl,NaN,buildTreeDocumentUri,0.606,build Tree Document Uri,Build URI representing access to descendant documents of the givenCOLUMN_DOCUMENT_ID.,URI
androidx.core.provider.DocumentsContractCompat$DocumentsContractApi24Impl,DocumentsContractCompat$DocumentsContractApi24Impl,NaN,isTreeUri,0.482,Tree Uri,Checks if the given URI represents aDocumenttree.,aDocumenttree
androidx.core.provider.DocumentsContractCompat,DocumentsContractCompat,NaN,buildChildDocumentsUri,0.588,build Child Documents Uri,Build URI representing the children of the target directory in a document provider.,URI
androidx.core.provider.DocumentsContractCompat,DocumentsContractCompat,NaN,buildChildDocumentsUriUsingTree,0.497,build Child Documents Uri Using Tree,Build URI representing the children of the target directory in a document provider.,URI
androidx.core.provider.DocumentsContractCompat,DocumentsContractCompat,NaN,buildDocumentUri,0.841,build Document Uri,Build URI representing the targetCOLUMN_DOCUMENT_IDin a document provider.,URI
androidx.core.provider.DocumentsContractCompat,DocumentsContractCompat,NaN,buildDocumentUriUsingTree,0.667,build Document Uri Using Tree,Build URI representing the targetCOLUMN_DOCUMENT_IDin a document provider.,URI
androidx.core.provider.DocumentsContractCompat,DocumentsContractCompat,NaN,buildTreeDocumentUri,0.606,build Tree Document Uri,Build URI representing access to descendant documents of the givenCOLUMN_DOCUMENT_ID.,URI
androidx.core.provider.DocumentsContractCompat,DocumentsContractCompat,NaN,isDocumentUri,0.573,Document Uri,Checks if the given URI represents aDocumentbacked by aDocumentsProvider.,
androidx.core.provider.DocumentsContractCompat,DocumentsContractCompat,NaN,isTreeUri,0.482,Tree Uri,Checks if the given URI represents aDocumenttree.,aDocumenttree
androidx.core.provider.FontsContractCompat$FontInfo,FontsContractCompat$FontInfo,NaN,getUri,0.01,Uri,Method description not found.,
androidx.core.telephony.TelephonyManagerCompat$Api23Impl,TelephonyManagerCompat$Api23Impl,NaN,getDeviceId,0.034,Device Id,Method description not found.,
androidx.core.telephony.TelephonyManagerCompat$Api26Impl,TelephonyManagerCompat$Api26Impl,NaN,getImei,0.247,Imei,"Returns the IMEI (International Mobile Equipment Identity) associated with the subscription id of the given TelephonyManager, or null if not available.",IMEI
androidx.core.telephony.TelephonyManagerCompat$Api30Impl,TelephonyManagerCompat$Api30Impl,NaN,getSubscriptionId,0.958,Subscription Id,"Return the subscription ID the TelephonyManager was created with (viacreateForSubscriptionId) if applicable, and otherwise the default subscription ID.",ID
androidx.core.telephony.TelephonyManagerCompat,TelephonyManagerCompat,NaN,getImei,0.247,Imei,"Returns the IMEI (International Mobile Equipment Identity) associated with the subscription id of the given TelephonyManager, or null if not available.",IMEI
androidx.core.telephony.TelephonyManagerCompat,TelephonyManagerCompat,NaN,getSubscriptionId,0.958,Subscription Id,"Return the subscription ID the TelephonyManager was created with (viacreateForSubscriptionId) if applicable, and otherwise the default subscription ID.",ID
androidx.core.view.ContentInfoCompat$Builder,ContentInfoCompat$Builder,0.013,setLinkUri,0.01,Link Uri,Method description not found.,
androidx.core.view.ContentInfoCompat$BuilderCompat,ContentInfoCompat$BuilderCompat,NaN,setLinkUri,0.01,Link Uri,Method description not found.,
androidx.core.view.ContentInfoCompat$BuilderCompat31Impl,ContentInfoCompat$BuilderCompat31Impl,NaN,setLinkUri,0.01,Link Uri,Method description not found.,
androidx.core.view.ContentInfoCompat$BuilderCompatImpl,ContentInfoCompat$BuilderCompatImpl,NaN,setLinkUri,0.01,Link Uri,Method description not found.,
androidx.core.view.ContentInfoCompat$Compat,ContentInfoCompat$Compat,0.074,getLinkUri,0.348,Link Uri,Optional http/https URI for the content that may be provided by the IME.,
androidx.core.view.ContentInfoCompat$Compat31Impl,ContentInfoCompat$Compat31Impl,NaN,getLinkUri,0.348,Link Uri,Optional http/https URI for the content that may be provided by the IME.,
androidx.core.view.ContentInfoCompat$CompatImpl,ContentInfoCompat$CompatImpl,NaN,getLinkUri,0.348,Link Uri,Optional http/https URI for the content that may be provided by the IME.,
androidx.core.view.ContentInfoCompat,ContentInfoCompat,NaN,getLinkUri,0.348,Link Uri,Optional http/https URI for the content that may be provided by the IME.,
androidx.core.view.inputmethod.InputContentInfoCompat$InputContentInfoCompatImpl,InputContentInfoCompat$InputContentInfoCompatImpl,NaN,getContentUri,0.904,Content Uri,URI with which the content can be obtained.,
androidx.core.view.inputmethod.InputContentInfoCompat$InputContentInfoCompatImpl,InputContentInfoCompat$InputContentInfoCompatImpl,NaN,getLinkUri,0.787,Link Uri,URI that is related to this content.,
androidx.core.view.inputmethod.InputContentInfoCompat$InputContentInfoCompatApi25Impl,InputContentInfoCompat$InputContentInfoCompatApi25Impl,NaN,getContentUri,0.904,Content Uri,URI with which the content can be obtained.,
androidx.core.view.inputmethod.InputContentInfoCompat$InputContentInfoCompatApi25Impl,InputContentInfoCompat$InputContentInfoCompatApi25Impl,NaN,getLinkUri,0.787,Link Uri,URI that is related to this content.,
androidx.core.view.inputmethod.InputContentInfoCompat$InputContentInfoCompatBaseImpl,InputContentInfoCompat$InputContentInfoCompatBaseImpl,NaN,getContentUri,0.904,Content Uri,URI with which the content can be obtained.,
androidx.core.view.inputmethod.InputContentInfoCompat$InputContentInfoCompatBaseImpl,InputContentInfoCompat$InputContentInfoCompatBaseImpl,NaN,getLinkUri,0.787,Link Uri,URI that is related to this content.,
androidx.core.view.inputmethod.InputContentInfoCompat,InputContentInfoCompat,NaN,getContentUri,0.904,Content Uri,URI with which the content can be obtained.,
androidx.core.view.inputmethod.InputContentInfoCompat,InputContentInfoCompat,NaN,getLinkUri,0.787,Link Uri,URI that is related to this content.,
androidx.documentfile.provider.DocumentFile,DocumentFile,NaN,fromSingleUri,0.295,Single Uri,Create aDocumentFilerepresenting the single document at the givenUri.,aDocument
androidx.documentfile.provider.DocumentFile,DocumentFile,NaN,fromTreeUri,0.539,Tree Uri,Create aDocumentFilerepresenting the document tree rooted at the givenUri.,aDocument
androidx.documentfile.provider.DocumentFile,DocumentFile,NaN,isDocumentUri,0.556,Document Uri,Test if given Uri is backed by aandroid.,Uri
androidx.documentfile.provider.DocumentFile,DocumentFile,NaN,getUri,0.48,Uri,Return a Uri for the underlying document represented by this file.,Uri
androidx.documentfile.provider.RawDocumentFile,RawDocumentFile,NaN,getUri,0.035,Uri,Documentation not found.,
androidx.documentfile.provider.SingleDocumentFile,SingleDocumentFile,NaN,getUri,0.035,Uri,Documentation not found.,
androidx.documentfile.provider.TreeDocumentFile,TreeDocumentFile,NaN,getUri,0.035,Uri,Documentation not found.,
androidx.loader.content.CursorLoader,CursorLoader,NaN,getUri,0.01,Uri,Method description not found.,
androidx.loader.content.CursorLoader,CursorLoader,NaN,setUri,0.01,Uri,Method description not found.,
androidx.print.PrintHelper$PrintUriAdapter$1$1,PrintHelper$PrintUriAdapter$1$1,NaN,onCancel,0.012,Cancel,Method description not found.,
androidx.print.PrintHelper$PrintUriAdapter$1,PrintHelper$PrintUriAdapter$1,NaN,onPreExecute,0.022,Pre Execute,Method description not found.,
androidx.print.PrintHelper$PrintUriAdapter,PrintHelper$PrintUriAdapter,NaN,cancelLoad,0.024,cancel Load,Method description not found.,
androidx.print.PrintHelper$PrintUriAdapter,PrintHelper$PrintUriAdapter,NaN,onFinish,0.012,Finish,Method description not found.,
androidx.print.PrintHelper$PrintUriAdapter,PrintHelper$PrintUriAdapter,NaN,onLayout,0.024,Layout,Method description not found.,
androidx.print.PrintHelper$PrintUriAdapter,PrintHelper$PrintUriAdapter,NaN,onWrite,0.025,Write,Method description not found.,
com.google.android.gms.common.api.Scope,Scope,0.033,getScopeUri,0.048,Scope Uri,Documentation not found.,
com.google.android.gms.common.data.DataBufferRef,DataBufferRef,NaN,parseUri,0.044,parse Uri,Documentation not found.,
androidx.appcompat.widget.SuggestionsAdapter,SuggestionsAdapter,NaN,getDrawableFromResourceUri,0.05,Drawable Resource Uri,Documentation not found.,
androidx.compose.foundation.content.PlatformTransferableContent,PlatformTransferableContent,NaN,getLinkUri,0.035,Link Uri,Documentation not found.,
androidx.compose.foundation.content.internal.DragAndDropRequestPermission_androidKt,DragAndDropRequestPermission_androidKt,NaN,containsContentUri,0.074,contains Content Uri,Documentation not found.,
